Mon Aug 19 10:46:40 2019 , I4, 666660
830
810
868
860
868
866
853
828
814
846
878
859
841
827
817
810
803
788
781
772
751
740
734
713
687
675
671
667
674
701
733
762
793
822
838
834
826
827
839
841
833
819
797
786
791
794
795
782
759
735
724
725
723
709
694
687
704
700
685
668
661
671
703
762
812
848
864
877
875
855
822
805
807
827
842
832
805
781
774
775
762
743
725
718
716
711
700
691
675
659
663
668
680
690
692
680
715
769
808
830
840
850
865
860
834
798
769
760
762
760
755
745
735
722
714
701
687
678
664
678
699
707
696
685
679
691
702
702
415
435
472
507
524
529
532
525
520
523
514
501
471
452
453
456
456
450
439
428
431
433
426
416
400
395
407
420
425
439
448
434
426
431
428
444
467
494
519
531
527
513
493
480
475
472
468
467
467
463
463
457
442
429
425
431
434
432
427
417
411
410
407
404
391
380
390
417
455
476
486
492
502
508
500
487
472
457
448
444
439
437
436
441
452
462
469
467
459
458
464
471
471
468
467
471
470
465
458
450
473
503
526
541
544
537
534
531
527
517
507
493
489
492
484
470
458
445
444
443
447
441
434
426
420
418
413
411
403
425
404
410
408
410
430
456
481
493
496
488
484
484
481
470
460
452
448
453
461
470
473
465
461
461
466
465
456
444
441
439
426
415
411
403
400
406
430
470
500
516
529
534
531
523
512
504
501
516
527
507
481
467
465
467
468
461
458
466
471
464
450
438
432
428
428
429
430
424
430
626
692
753
783
789
791
793
783
767
746
726
709
703
695
683
669
655
646
640
629
614
596
581
573
570
565
558
541
528
527
109
1
193
495
581
631
658
646
628
613
610
608
604
596
583
566
554
549
551
549
540
526
517
517
512
499
483
475
472
470
463
459
453
447
444
442
439
435
442
481
517
545
553
549
541
533
527
517
505
498
491
492
486
470
453
436
430
440
456
462
455
442
430
428
436
435
430
422
421
420
426
424
414
405
430
465
493
513
517
496
484
479
475
461
451
447
450
448
442
426
419
262
265
262
257
252
260
274
277
272
267
260
256
256
260
261
261
264
278
295
311
322
325
320
317
320
321
317
314
309
304
305
302
297
295
290
286
286
285
281
270
263
265
271
270
263
254
250
251
258
262
273
290
305
319
324
323
318
309
306
304
306
307
301
293
270
275
285
283
281
282
286
290
285
279
274
268
267
272
270
267
264
262
263
268
284
298
308
321
335
342
337
327
319
315
316
314
308
302
300
300
298
295
291
287
284
286
287
289
290
286
283
283
277
274
271
268
271
289
311
324
331
337
344
351
349
342
336
330
329
328
325
317
310
307
310
309
294
278
274
271
271
270
268
267
263
263
262
260
258
255
250
256
268
300
325
329
328
334
336
331
323
318
311
310
305
293
280
272
277
286
287
287
277
276
276
273
271
266
260
257
257
262
261
256
245
240
245
264
292
314
324
330
332
331
324
315
312
315
317
316
313
308
300
296
294
291
285
278
280
287
289
284
275
271
270
271
273
273
268
261
259
261
280
300
310
314
322
327
330
330
324
315
315
313
310
303
297
293
295
290
280
273
269
270
269
268
267
266
262
259
261
264
265
259
257
257
261
274
289
297
303
312
320
321
313
302
297
292
289
288
285
281
280
281
284
282
276
271
273
276
274
269
264
265
258
251
253
250
243
242
253
275
290
302
303
306
309
309
304
297
292
303
318
319
309
300
290
284
284
280
278
282
282
280
278
275
269
262
258
265
302
295
269
261
273
294
306
316
321
323
330
336
335
324
316
311
312
314
312
306
300
293
289
288
285
281
274
272
274
278
279
277
272
270
271
270
265
264
278
297
310
315
313
310
308
311
313
310
304
298
300
304
305
303
296
289
285
286
283
279
273
269
269
274
278
278
273
268
263
265
269
282
306
326
344
358
360
353
343
336
337
333
328
316
313
312
311
306
299
291
289
294
302
302
296
285
281
283
285
285
282
278
274
272
276
271
269
283
302
321
333
340
331
317
319
317
313
307
300
295
296
298
296
291
284
278
278
278
276
284
295
297
295
289
279
273
267
268
272
275
272
267
275
290
309
321
321
316
309
311
317
318
311
304
298
297
297
295
291
286
282
281
277
275
273
271
269
271
270
269
262
257
257
261
261
257
257
275
298
313
320
320
316
312
316
322
317
309
301
298
303
308
309
301
291
290
289
283
272
260
250
250
252
253
251
248
244
240
238
232
227
229
248
278
304
315
318
317
309
306
302
297
296
294
297
297
293
286
280
276
281
282
284
278
267
260
256
255
255
254
252
251
252
249
247
249
264
283
301
318
327
328
325
322
323
319
314
298
304
300
288
280
276
269
262
260
262
262
259
253
252
255
258
256
251
245
246
261
281
293
299
305
316
323
324
319
309
302
299
293
286
284
283
281
284
284
282
277
272
268
269
274
277
277
276
274
276
279
276
272
276
303
328
339
346
346
345
342
339
332
321
310
307
311
318
315
305
296
293
294
298
297
294
293
297
293
285
279
275
275
277
281
281
278
289
305
323
332
332
324
321
326
334
336
329
313
303
298
298
296
294
292
291
289
290
288
280
272
267
272
280
285
285
284
283
282
281
281
295
311
328
342
343
336
326
320
318
315
313
310
309
303
300
304
304
296
288
283
287
292
289
284
276
274
274
274
272
266
253
249
254
257
267
285
305
322
333
335
329
319
309
311
310
305
299
302
310
308
304
299
292
285
284
285
286
287
286
278
276
267
259
252
244
241
245
256
274
286
296
305
313
316
313
307
303
305
309
311
308
301
298
298
302
303
299
292
284
282
281
280
272
261
254
259
264
262
256
248
246
258
279
292
299
304
306
305
304
300
296
293
296
306
309
307
299
293
298
307
310
305
299
292
287
280
271
262
256
253
258
261
262
257
316
313
291
304
308
311
319
323
322
313
302
293
291
292
295
292
287
281
276
276
274
269
264
257
259
270
278
274
266
259
258
260
259
258
264
281
301
314
320
320
315
308
307
306
295
284
284
281
279
279
282
279
276
277
281
282
276
266
260
263
268
277
286
281
274
280
292
309
323
327
328
333
338
334
320
307
300
300
303
302
299
294
294
292
288
285
280
275
273
273
271
267
260
253
252
256
255
248
243
244
262
284
301
311
320
331
340
338
334
323
315
313
319
321
318
311
303
298
300
298
291
286
285
288
293
294
292
285
281
280
278
274
270
269
286
306
323
330
328
324
322
324
324
321
317
315
320
327
323
314
307
302
303
300
293
282
270
266
269
272
270
263
260
257
260
262
262
268
288
311
328
333
332
327
322
322
322
318
311
304
300
303
305
300
291
281
277
282
286
286
281
271
254
244
251
253
244
240
249
255
255
265
286
303
320
328
331
325
317
326
340
336
325
317
311
305
305
305
298
292
288
281
279
275
270
264
261
261
259
260
262
264
265
272
272
287
302
312
321
331
330
322
312
305
305
307
301
297
289
286
285
286
284
274
269
263
374
367
347
339
334
335
342
345
342
335
329
324
332
349
360
375
391
397
404
399
391
382
379
377
373
363
360
357
355
356
355
349
339
332
334
342
349
344
336
331
333
337
338
327
313
306
306
309
310
308
300
292
297
301
305
309
312
336
372
395
414
424
433
440
445
441
431
419
415
414
414
411
401
385
375
377
382
382
379
370
368
372
374
366
345
332
336
359
382
394
399
402
406
405
406
410
406
400
400
398
393
394
399
388
377
371
361
350
345
343
348
351
350
344
341
348
356
355
351
356
375
395
410
417
418
415
412
411
411
409
401
393
390
392
392
391
384
376
372
369
368
362
355
347
350
353
348
343
334
331
334
342
366
383
386
392
406
417
415
414
402
395
393
391
388
377
367
365
359
362
362
356
347
347
349
349
349
352
348
348
349
350
349
353
376
401
417
422
419
412
409
415
417
412
403
397
402
408
405
394
387
373
371
373
375
367
352
347
349
353
352
348
341
333
331
328
326
335
359
386
406
418
422
421
415
412
410
405
395
380
363
362
356
353
350
342
336
337
343
344
338
327
320
320
321
318
310
305
305
334
372
385
390
396
399
395
382
367
368
364
365
369
374
368
366
363
366
370
367
355
341
335
339
343
338
330
325
328
338
350
354
358
377
403
424
432
432
422
411
407
398
388
376
365
355
350
346
345
342
339
342
345
342
337
328
320
317
320
324
325
328
329
333
345
367
387
397
409
426
438
441
430
417
410
406
400
395
386
379
372
371
370
366
360
353
348
346
347
345
338
332
334
335
337
335
341
358
376
392
395
393
390
387
390
389
384
375
372
378
384
382
378
368
363
359
359
353
349
347
343
343
352
352
341
325
323
332
360
387
400
390
392
399
400
389
376
370
367
370
368
363
359
350
342
342
345
343
349
366
372
365
361
350
341
336
338
336
346
366
389
407
417
418
416
408
399
395
401
405
400
387
375
375
377
375
374
369
369
375
367
356
341
328
329
337
342
344
344
357
377
402
416
417
420
418
415
416
408
394
379
372
373
377
372
363
359
357
357
360
358
351
342
342
351
356
346
336
328
327
328
345
371
386
396
403
410
408
401
398
397
397
399
392
383
371
363
363
360
351
341
331
337
352
354
347
340
329
330
339
344
346
368
386
402
413
421
418
410
404
406
411
412
397
386
361
358
354
344
348
362
368
370
367
369
363
359
361
356
338
326
327
332
352
384
405
416
420
432
448
456
445
431
420
417
421
430
438
429
414
407
404
400
394
386
380
381
384
384
381
377
367
368
372
372
379
401
420
431
436
436
429
419
415
414
406
394
384
374
374
379
377
365
361
355
357
360
359
351
341
336
334
335
335
336
336
330
330
324
331
349
375
393
406
410
402
386
378
374
373
373
372
370
373
376
379
371
360
350
344
346
351
352
349
335
329
332
339
340
334
330
333
353
377
392
396
398
405
410
400
397
352
347
342
332
325
319
314
317
322
326
319
308
300
303
308
304
297
293
289
294
301
303
297
296
305
327
346
358
359
353
346
345
341
341
334
327
326
331
328
321
315
314
316
322
319
319
320
319
319
318
311
303
298
298
305
313
327
343
351
357
368
377
374
364
362
361
360
354
348
341
332
331
333
333
330
320
311
307
304
300
297
295
297
302
303
296
285
279
278
288
300
319
332
336
336
335
331
327
325
323
325
332
336
335
330
323
326
341
341
329
321
322
325
321
314
305
301
301
304
303
305
318
332
347
365
371
374
369
367
368
360
356
345
334
334
334
330
331
330
326
318
317
315
311
306
308
308
312
315
310
299
289
285
299
322
338
350
367
379
380
367
354
341
332
330
328
325
316
300
292
296
294
288
278
270
269
274
271
267
262
256
255
256
260
271
301
323
335
342
343
340
333
335
341
348
350
346
344
343
342
341
340
335
334
341
348
340
330
315
308
309
314
319
317
307
311
332
355
365
369
370
371
372
372
369
359
350
352
350
348
342
342
337
336
337
329
318
301
286
289
293
289
276
267
270
278
298
317
326
333
345
356
357
347
340
343
342
338
341
343
335
327
325
327
329
326
319
316
312
311
306
295
287
286
287
287
290
315
335
352
362
367
364
356
357
360
359
359
348
340
333
333
336
334
326
317
316
319
317
308
298
293
294
304
311
313
307
311
328
349
362
368
368
369
373
372
366
355
344
335
330
327
322
320
325
330
333
332
327
317
307
307
312
316
311
297
288
290
308
328
344
356
370
386
395
394
386
375
373
374
372
369
367
357
348
348
345
343
334
330
327
332
329
320
313
316
320
320
314
323
341
363
376
382
380
373
365
361
366
368
363
352
341
334
Mon Aug 19 14:24:52 2019 , I4, 666660
1764
2057
883
1910
1323
150
590
737
297
2057
1764
2057
3
296
2057
1910
443
1910
590
1177
737
3
1323
2056
883
1323
2
1323
883
1910
2056
1323
1470
2
149
883
2057
1617
2057
1617
2057
2057
1470
3
1764
2057
1177
1030
737
1323
150
1470
883
737
883
1764
3
1470
1177
1470
150
2057
2201
735
241
242
1199
960
1796
960
243
601
1318
242
242
959
1796
481
1796
959
481
1198
361
1556
122
1795
959
720
3
1078
1795
1436
241
1436
480
2
1795
480
480
2
1436
241
361
480
241
1675
719
1078
241
1436
719
839
1078
480
122
1078
1795
2
958
361
480
1436
1197
480
958
839
480
1675
2
719
241
719
719
1077
1197
1795
958
600
1436
1795
122
122
122
600
1436
719
600
122
241
958
1556
122
1556
1317
1675
600
2
1555
838
838
1316
1555
360
480
1197
719
1794
1317
480
1436
2
958
1436
1795
839
1556
2
2
1675
958
1317
241
241
2
480
360
241
1077
958
599
838
121
1077
1436
958
1197
1555
1197
121
122
1317
1795
719
600
122
480
122
1675
1436
839
122
361
361
1675
122
122
1317
1675
122
1197
1197
360
1795
121
122
599
1794
958
2
2
361
1795
1197
600
1078
2
122
1556
1078
122
958
1197
1317
1675
1436
480
1197
361
1317
1795
122
122
1675
1078
600
1078
361
445
491
483
483
478
473
470
470
475
480
479
470
458
464
498
532
556
566
561
556
560
561
561
553
539
537
540
539
533
525
514
513
512
512
506
496
486
483
484
479
455
430
432
442
449
455
472
491
514
544
561
560
556
544
537
534
528
531
545
537
525
523
526
519
501
478
473
477
475
476
479
474
476
476
472
466
455
461
498
535
558
566
572
573
571
565
550
536
532
538
549
547
532
512
493
484
475
465
449
434
429
425
428
434
434
424
413
407
410
419
428
453
478
506
514
524
528
520
519
517
514
508
496
497
504
510
506
499
485
482
491
498
494
487
473
474
477
480
474
458
448
445
454
490
520
538
551
565
575
575
573
563
550
546
536
533
533
523
515
516
513
503
492
486
480
479
471
462
454
446
451
462
470
473
467
487
521
551
571
575
573
566
562
562
558
548
530
521
497
481
493
498
499
494
493
492
483
476
468
466
473
472
465
454
445
449
470
495
515
537
566
594
608
595
578
563
555
551
547
540
529
513
508
508
512
506
493
481
478
477
479
480
482
477
482
486
484
480
478
492
528
560
578
581
583
589
596
600
587
572
557
553
562
563
554
759
786
704
705
706
713
718
744
771
786
800
812
810
796
781
776
778
779
769
751
738
729
730
719
708
692
685
690
692
681
665
651
646
654
670
664
654
663
677
688
710
742
760
767
776
793
799
784
768
762
763
765
771
778
786
780
768
758
733
716
706
702
703
711
711
696
677
670
674
679
674
659
656
691
733
760
779
788
787
791
801
797
789
774
759
757
753
738
712
694
690
704
707
692
673
661
655
658
667
679
692
702
705
710
714
733
758
786
821
855
865
854
832
817
821
827
823
817
803
795
796
796
786
771
762
764
775
775
767
752
735
723
728
730
728
718
711
719
727
743
762
766
768
782
800
794
773
754
736
725
714
700
680
658
646
652
653
642
627
617
619
633
649
653
650
663
678
681
673
659
641
632
659
698
731
747
746
737
739
747
755
755
756
753
746
756
768
768
759
761
771
772
764
754
737
725
726
728
717
700
696
722
749
737
732
746
765
788
805
811
806
793
789
785
771
753
730
712
700
704
705
696
680
680
698
716
729
737
731
732
743
745
739
730
714
708
721
749
768
785
800
807
806
796
787
779
773
777
780
781
779
767
753
753
757
753
702
697
747
748
742
731
718
710
697
692
690
698
710
734
763
786
796
786
768
755
763
769
755
731
715
709
708
708
710
721
735
735
728
722
713
694
683
688
707
719
706
681
671
669
679
716
752
784
819
849
860
841
826
813
814
817
814
812
801
786
774
767
773
772
767
767
782
788
787
771
757
750
757
758
749
737
709
690
706
744
771
779
783
804
828
832
823
811
794
786
790
786
774
770
786
788
768
741
711
692
697
717
726
728
719
706
695
694
689
673
659
652
675
727
754
752
739
746
775
798
798
796
780
760
745
737
730
720
699
691
707
722
722
701
677
680
710
723
717
697
692
704
716
705
687
662
670
697
727
755
774
779
777
782
793
783
768
744
729
726
723
705
680
659
654
661
660
652
646
641
643
649
654
645
644
638
647
665
684
710
723
731
750
766
770
760
752
750
751
755
754
740
728
727
733
726
725
719
695
687
698
706
698
673
665
666
679
680
666
654
653
682
717
744
765
781
793
801
800
806
810
807
812
821
822
808
795
789
789
788
780
765
749
747
749
732
710
700
688
670
666
660
688
726
733
735
748
750
741
727
718
727
743
730
712
697
678
701
684
685
687
698
701
699
706
715
720
719
719
727
733
727
718
715
746
791
822
833
843
864
876
874
860
849
836
829
835
838
832
822
809
800
799
796
788
781
783
796
808
810
786
760
738
722
707
694
700
719
744
760
778
788
786
783
786
788
783
775
758
740
1110
1130
1143
1136
1117
1111
1126
1140
1141
1122
1097
1090
1102
1113
1110
1096
1077
1063
1066
1063
1083
1106
1118
1133
1153
1160
1154
1125
1086
1066
1082
1087
1077
1059
1064
1082
1110
1123
1126
1123
1123
1138
1158
1160
1142
1118
1110
1128
1147
1153
1142
1128
1122
1123
1146
1176
1196
1200
1195
1190
1181
1166
1133
1081
1066
1080
1081
1070
1056
1051
1084
1117
1096
1054
1029
1015
1022
1029
1023
1014
1012
1014
1025
1043
1025
1000
990
1025
1091
1149
1179
1177
1165
1155
1154
1150
1129
1106
1116
1139
1156
1146
1122
1096
1096
1108
1113
1110
1102
1073
1051
1050
1058
1047
1032
1026
1032
1054
1063
1038
1044
1080
1120
1147
1163
1164
1160
1160
1154
1136
1116
1091
1063
1039
1032
1063
1092
1075
1046
1016
1018
1009
984
964
954
976
1002
1000
988
967
980
1011
1079
1159
1222
1245
1261
1265
1262
1243
1222
1195
1185
1192
1184
1167
1148
1134
1140
1142
1140
1142
1153
1147
1141
1130
1101
1066
1030
999
980
981
992
971
963
998
1047
1080
1116
1139
1144
1140
1084
1096
1094
1080
1071
1069
1072
1080
1095
1068
1009
988
998
995
985
988
995
1018
1040
1030
1006
1002
1032
1077
1143
1205
1259
1323
1356
1342
1315
1293
1283
1274
1263
1258
1245
1220
1175
1136
1140
1152
1153
1127
1113
1120
1130
1134
1118
1092
1075
1087
1113
1120
1110
1108
1135
1186
1242
1284
1304
1309
1309
1318
1323
1309
1283
1262
1266
1281
1283
1282
1257
1231
1218
1212
1199
1177
1149
1120
1104
1108
1101
1088
1070
1067
1087
1099
1100
1100
1133
1172
1207
1231
1231
1207
1170
1143
1130
1113
1092
1080
1054
1033
1032
1036
1043
1048
1049
1061
1074
1073
1059
1047
1038
1046
1066
1066
1054
1044
1037
1040
1044
1067
1113
1144
1184
1226
1251
1256
1234
1209
1193
1184
1172
1145
1112
1081
1081
1090
1079
1042
1004
988
990
1005
1021
1031
1031
1009
990
982
980
969
956
952
985
1040
1043
1028
1048
1085
1101
1103
1103
1094
1096
1118
1133
1132
1120
1106
1100
1115
1136
1172
1194
1165
1140
1140
1139
1122
1091
1058
1032
1025
1016
1007
980
973
1023
1087
1139
1181
1203
1203
1197
1191
1181
1164
1147
1138
1129
1122
1112
1093
1073
1082
1108
1126
1141
1137
1117
1110
1112
1112
1103
1096
1096
1110
1121
1108
1084
1075
1103
1126
1149
1168
1174
1150
1141
1127
1115
1092
1064
1038
1037
1051
1056
1058
1062
1051
1040
1037
1040
1037
1047
1058
1080
1103
1108
1098
1079
1074
1083
1096
1179
1170
1212
1237
1257
1255
1257
1255
1241
1231
1226
1215
1181
1133
1094
1078
1071
1049
1030
1011
997
1006
1016
1006
1014
1034
1049
1064
1068
1063
1058
1049
1058
1115
1162
1181
1186
1195
1205
1203
1191
1170
1153
1148
1156
1169
1159
1144
1132
1134
1118
1089
1082
1079
1068
1073
1089
1099
1092
1075
1061
1072
1077
1084
1080
1110
1148
1205
1267
1278
1246
1210
1193
1186
1186
1184
1185
1183
1187
1200
1203
1194
1178
1158
1162
1172
1172
1143
1110
1096
1100
1112
1103
1078
1068
1076
1099
1109
1120
1148
1175
1205
1228
1236
1230
1200
1165
1149
1163
1169
1173
1164
1158
1176
1202
1186
1164
1128
1118
1115
1117
1118
1113
1093
1075
1072
1074
1061
1044
1019
1002
1023
1056
1084
1100
1103
1127
1155
1167
1158
1137
1119
1120
1126
1124
1109
1099
1084
1088
1103
1118
1121
1105
1093
1096
1105
1099
1075
1061
1056
1063
1061
1055
1044
1029
1024
1073
1143
1186
1210
1210
1217
1217
1190
1158
1126
1107
1113
1125
1127
1101
1075
1066
1080
1102
1115
1113
1103
1106
1104
1096
1083
1066
1052
1054
1062
1069
1061
1033
990
1017
1100
1170
1191
1196
1194
1205
1206
1188
1161
1122
1104
1103
1103
1098
1089
1101
1114
1104
1090
1087
1077
1067
1056
1066
1064
1053
1030
1016
1007
998
981
974
970
1019
1077
1110
1138
1155
1145
1134
1139
1151
1143
1127
1105
1104
1117
1130
1128
1111
1088
1085
1083
1075
1068
1057
1055
1060
1067
1058
1052
1043
1022
1011
999
997
1013
1053
1102
1155
1181
1190
1186
1169
1166
1171
1171
1158
1134
1117
1115
1120
1122
1115
1087
1062
1060
1057
1061
1058
1038
1028
1040
1036
1031
1025
1027
1037
1063
1101
1122
1128
1139
1158
1174
1175
1181
1189
1202
1201
1200
1194
1178
1153
1141
1143
1146
1124
1092
1072
1073
1083
1096
1101
1108
1115
1122
1112
1087
1069
1054
1056
1105
1166
1203
1206
1186
1170
1168
1173
1177
1179
1170
1180
1200
1203
1165
1113
1103
1112
1108
1108
1088
1058
1035
1025
1020
1023
1009
992
997
1021
1036
1055
1078
1100
1130
1174
1214
1233
1229
1224
1218
1214
1193
1174
1157
1138
1145
1155
1159
1144
1113
1086
1080
1088
1087
1085
1076
1059
1061
1072
1058
1026
1004
1004
1032
1042
1034
1065
1108
1138
1166
1184
1182
1160
1147
1146
1162
1172
1159
1127
1094
1106
1136
1136
1115
1098
1103
1111
1106
1094
1084
1077
1073
1089
1103
1099
1088
1063
1054
1080
1126
1174
1200
1210
1226
1252
1247
1216
1185
1169
1157
1151
1145
1145
1137
1134
1141
1153
1139
1118
1100
1100
1096
1090
1068
1037
1016
1015
1023
1031
1021
1003
992
1021
1085
1132
1141
1134
1134
1144
1144
1150
1139
1110
1075
1068
1082
1099
1095
1103
1119
1145
1159
1139
1099
1084
1090
1101
1109
1095
1073
1058
1035
991
977
991
1018
1066
1129
1180
1201
1183
1147
1113
1103
1087
1068
1048
1031
1004
1066
1098
1089
1063
1054
1048
1040
1047
1053
1025
984
980
995
988
966
958
969
1006
1038
1081
1114
1136
1155
1177
1191
1196
1202
1188
1162
1153
1130
1115
1099
1089
1089
1101
1110
1099
1080
1063
1057
1049
1038
1040
1044
1044
1038
1025
998
981
983
1038
1099
1151
1189
1207
1207
1200
1198
1206
1207
1202
1187
1199
1207
1184
1134
1100
1096
1102
1095
1080
1068
1061
1048
1051
1044
1030
1020
1015
1010
1026
1032
1051
1070
1096
1127
1150
1153
1145
1130
1139
1141
1124
1100
1090
1104
1122
1137
1153
1148
1136
1108
1101
1116
1117
1109
1092
1081
1087
1092
1087
1063
1063
1112
1172
1210
1224
1226
1224
1216
1199
1188
1180
1158
1132
1127
1140
1151
1144
1110
1051
1030
1056
1068
1055
1037
1042
1043
1030
1006
981
966
967
982
1000
1054
1111
1143
1195
1236
1236
1217
1187
1160
1163
1175
1170
1144
1111
1094
1108
1129
1129
1119
1114
1118
1125
1136
1137
1116
1098
1086
1097
1101
1083
1057
1043
1087
1156
1216
1242
1242
1236
1240
1256
1264
1240
1200
1167
1148
1140
1129
1132
1108
1066
1032
1018
1000
969
938
934
973
1006
988
965
947
952
967
984
1035
1100
1145
1176
1186
1174
1139
1110
1096
1113
1148
1182
1176
1155
1139
1144
1152
1131
1095
1077
1070
1072
1061
1054
1037
1021
1019
1025
1046
1068
1077
1106
1142
1179
1185
1174
1151
1129
1139
1148
1129
1099
1068
1058
1070
1109
1132
1096
1086
1089
1103
1098
1085
1083
1077
1078
1082
1090
1085
1070
1053
1083
1136
1172
1197
1204
1214
1226
1214
1177
1115
1088
1091
1090
1082
1076
1077
1066
1062
1066
1065
1068
1061
1058
1066
1072
1059
1063
1062
1037
1026
1037
1074
1116
1153
1179
1206
1217
1211
1193
1178
1167
1170
1158
1139
1110
1089
1096
1089
1058
1028
1023
1037
1056
1061
1048
1032
1040
1044
1049
1058
1039
1031
1047
1073
1102
1114
1128
1123
1114
1108
1113
1115
1094
1082
1073
1079
1091
1076
1073
1080
1077
1075
1073
1070
1061
1040
1034
1049
1049
1040
1028
1016
1038
1100
1144
1153
1154
1156
1168
1174
1167
1141
1109
1087
1084
1089
1089
1090
1086
1082
1090
1094
1085
1066
1054
1063
1092
1108
1098
1058
1023
1025
1068
1128
1166
1189
1214
1225
1241
1236
1217
1204
1193
1198
1203
1207
1176
1119
1094
1096
1096
1077
1059
1043
1042
1053
1047
1018
997
982
1004
1044
1071
1117
1160
1188
1217
1208
1195
1195
1190
1190
1212
1247
1254
1232
1217
1209
1223
1221
1193
1171
1161
1158
1170
1198
1192
1162
1141
1141
1158
1175
1174
1151
1164
1210
1255
1271
1274
1267
1262
1265
1263
1252
1231
1200
1189
1189
1203
1210
1199
1181
1164
1164
1162
1139
1113
1099
1104
1499
1450
1510
1515
1503
1508
1510
1498
1489
1511
1548
1556
1560
1543
1516
1492
1464
1451
1443
1422
1389
1352
1328
1314
1304
1289
1266
1255
1255
1239
1208
Mon Aug 19 14:25:06 2019 , I4, 666660
826
806
694
722
731
729
718
690
661
648
643
641
630
611
643
711
765
820
860
852
832
843
847
839
814
794
783
793
808
801
785
774
749
745
738
738
717
704
720
749
751
734
713
691
682
682
690
715
731
762
794
811
804
782
759
758
769
774
765
758
747
740
753
759
763
747
721
715
726
732
712
692
677
687
710
719
717
711
706
733
784
830
851
847
855
866
874
866
842
811
809
826
846
839
831
807
804
799
781
763
741
718
717
718
722
718
704
688
693
714
722
709
686
713
771
803
800
785
771
769
772
758
753
747
738
737
747
749
734
706
691
691
704
708
700
684
672
679
695
702
701
695
702
701
708
742
785
814
843
862
866
862
846
821
816
815
807
799
777
765
775
783
780
773
751
729
698
682
670
658
657
670
684
672
660
648
644
669
731
782
819
834
832
837
839
832
830
832
841
859
859
822
795
798
792
785
785
793
800
790
784
785
781
772
758
751
759
765
779
788
765
780
828
877
914
940
952
947
943
935
917
893
877
870
875
873
855
837
818
801
799
781
757
745
748
751
740
711
687
671
665
670
681
686
678
670
700
754
802
821
832
848
866
871
848
824
812
819
756
769
760
742
728
713
703
687
678
676
678
695
717
729
718
699
670
643
635
635
628
611
597
632
694
730
745
749
765
787
792
799
787
765
746
738
742
740
715
691
684
695
700
688
678
683
706
735
738
720
693
676
668
668
674
664
652
685
749
796
809
802
780
753
763
793
790
758
744
760
774
767
745
715
697
698
704
703
691
681
668
652
647
658
662
641
622
629
649
671
695
724
758
795
830
830
804
785
785
833
868
856
837
812
809
822
830
805
767
744
741
739
733
707
697
701
717
720
710
688
671
670
731
786
821
828
819
807
798
797
790
768
751
756
785
808
808
783
758
760
757
731
711
711
706
697
684
669
648
644
652
672
701
727
745
742
751
785
797
800
793
801
826
847
845
835
817
794
780
779
785
792
784
780
765
758
749
730
713
718
740
748
739
709
686
703
748
796
834
852
847
835
835
817
790
758
734
726
736
738
718
693
685
695
706
710
708
704
702
704
695
677
652
630
628
641
641
638
642
668
696
714
721
724
735
738
751
772
774
759
719
704
734
742
735
737
745
745
736
726
720
720
739
757
781
775
768
767
769
765
792
829
851
862
730
779
878
829
776
750
750
742
737
723
711
704
704
701
676
651
625
623
656
689
687
666
661
682
706
715
709
703
738
785
823
839
846
841
825
822
836
834
826
800
778
784
797
799
784
765
756
757
742
722
705
681
674
693
709
712
706
695
700
743
804
842
852
857
873
884
868
830
801
785
787
794
781
763
750
755
763
765
751
738
708
700
700
705
699
679
666
678
692
684
676
693
737
798
853
885
883
867
858
857
855
845
833
807
783
773
767
751
733
709
696
715
738
731
700
670
670
677
681
676
685
697
711
756
774
764
778
808
793
812
810
779
750
744
755
758
752
735
723
731
740
731
731
721
699
699
716
723
723
702
681
653
645
633
609
627
672
721
754
758
743
719
706
704
709
727
742
739
735
724
700
679
667
666
673
683
694
687
677
662
664
658
640
626
626
645
707
758
770
760
747
745
744
748
752
751
737
729
723
706
694
689
684
692
698
691
674
654
647
656
653
635
641
663
678
693
708
745
793
837
866
891
888
875
850
831
822
814
804
789
770
766
770
761
740
731
733
728
729
737
736
729
716
699
697
688
660
624
620
662
724
767
777
783
787
794
638
617
753
745
747
751
742
716
687
662
650
654
671
675
667
669
681
665
658
651
645
633
637
640
624
634
665
696
731
763
777
776
764
760
785
800
776
742
719
718
735
743
737
720
697
688
702
703
691
682
689
710
712
692
668
654
689
746
787
809
803
781
775
781
792
773
746
731
741
750
734
706
679
668
675
680
674
670
665
656
657
664
656
633
608
606
629
661
695
726
752
781
808
814
802
791
783
779
764
742
722
715
716
720
731
745
731
709
682
684
685
669
664
662
664
674
667
653
633
610
628
685
737
788
808
800
788
773
761
748
737
737
752
766
745
704
670
664
675
687
698
694
695
702
695
681
656
640
625
618
635
686
740
764
783
798
808
810
810
795
787
787
780
753
725
692
675
694
699
695
704
701
697
693
683
670
664
659
654
660
668
636
624
681
735
766
792
812
827
831
838
827
822
819
812
804
807
815
808
793
775
762
760
752
742
723
694
687
685
672
658
647
639
641
652
677
716
757
777
793
795
779
758
742
745
764
765
743
722
714
708
704
693
677
675
688
691
688
685
672
657
652
654
659
655
641
636
686
737
779
784
785
785
785
793
799
748
739
752
753
750
747
727
711
715
729
733
715
683
656
643
652
662
658
651
642
641
649
653
679
722
776
828
859
854
831
807
791
786
781
780
769
747
730
731
727
717
698
670
680
713
715
689
658
636
626
628
631
636
633
624
624
654
677
660
653
687
728
773
785
754
722
714
713
717
709
697
695
700
695
682
679
689
670
660
683
712
720
717
692
681
677
679
717
743
760
786
810
806
779
747
735
739
746
752
754
749
733
725
707
685
661
639
644
668
679
662
636
630
632
628
635
654
664
671
714
752
765
764
760
775
792
791
793
777
748
735
735
738
733
722
712
722
730
715
693
670
659
665
670
675
674
663
657
662
674
695
736
765
789
824
856
842
804
766
758
766
763
765
775
785
798
806
802
793
784
764
761
758
750
741
733
735
738
733
722
705
690
706
762
800
815
824
840
839
829
812
807
796
787
798
794
772
754
738
734
747
759
751
735
739
753
739
711
700
694
683
679
670
642
624
653
703
755
787
810
816
803
800
806
832
820
786
762
760
776
779
762
742
723
725
732
726
706
690
689
704
712
712
696
686
676
680
714
750
771
781
791
802
812
809
787
763
762
783
769
758
744
735
737
743
749
738
719
706
704
704
696
688
670
665
690
703
691
666
649
645
677
713
736
752
764
768
764
762
741
716
693
697
723
735
714
679
668
673
675
669
656
647
651
661
674
665
648
640
655
678
690
683
664
647
681
736
769
789
792
791
800
804
793
764
744
720
715
726
721
702
699
693
704
704
689
675
655
646
654
668
660
630
610
604
618
635
669
707
748
784
796
784
765
735
699
693
714
731
726
698
685
693
699
702
697
684
686
698
686
658
634
637
653
644
631
639
647
650
673
713
741
763
766
760
762
770
751
723
708
699
700
693
684
682
699
717
717
706
700
704
699
706
708
710
704
680
659
645
637
634
656
708
762
806
833
842
839
833
827
826
816
793
775
753
741
741
737
729
716
714
717
718
702
682
665
674
687
698
705
695
688
691
695
720
746
767
795
820
831
839
836
825
810
800
804
799
789
764
750
758
758
731
700
670
661
666
666
666
672
689
696
697
697
675
656
650
687
739
771
789
786
778
783
785
772
755
752
772
788
773
758
741
716
702
702
714
714
695
683
674
674
671
647
602
607
656
688
674
645
616
638
664
658
770
782
785
774
766
764
754
753
750
737
752
777
777
753
733
727
725
708
675
643
632
624
612
602
593
584
585
608
642
661
671
701
741
782
810
814
796
775
771
789
795
766
733
702
700
706
707
703
712
702
704
698
686
662
637
623
617
633
649
635
614
604
522
566
615
645
669
701
715
713
700
685
666
654
661
672
675
664
648
646
652
657
646
626
618
627
618
596
567
543
535
538
538
534
524
518
528
566
598
621
633
637
642
647
650
640
621
609
601
593
586
585
583
589
593
583
565
548
529
530
532
550
561
558
547
544
551
543
536
568
604
647
673
668
660
665
647
642
610
595
603
610
615
621
621
607
595
593
588
594
597
595
590
582
582
597
621
608
584
580
592
606
624
634
636
650
664
664
660
662
654
632
614
604
604
589
576
588
606
598
565
539
534
542
545
538
529
534
548
555
563
549
532
540
578
619
651
661
650
640
649
660
667
661
659
664
685
687
672
648
631
620
627
629
615
607
597
588
586
582
570
556
543
546
570
580
602
610
616
630
649
657
651
642
639
645
654
643
623
613
619
631
644
632
605
586
579
581
581
567
546
536
543
549
595
589
513
511
545
598
636
650
652
654
650
641
635
627
613
606
613
625
629
610
595
589
604
627
635
629
618
615
614
610
594
583
566
549
565
584
607
626
644
660
680
693
689
680
681
686
668
654
641
635
663
686
675
665
654
634
626
620
610
615
610
601
600
605
599
586
578
573
584
593
619
646
668
684
686
687
681
679
679
679
672
668
654
640
625
616
614
608
600
595
596
606
602
589
582
578
569
580
575
571
568
561
556
577
611
634
655
667
681
697
692
669
648
638
630
628
616
596
586
582
573
563
551
529
514
519
530
537
533
528
527
538
544
539
531
515
511
552
596
617
629
632
638
644
641
633
627
627
632
639
637
616
596
589
595
605
599
575
554
540
539
539
533
523
522
534
554
560
563
543
535
568
609
638
651
649
644
645
654
654
644
606
581
596
612
608
596
585
581
586
593
592
588
580
570
569
575
565
568
582
585
594
606
625
637
647
665
683
689
681
666
649
633
634
628
613
591
579
591
612
619
609
586
572
574
579
576
579
581
593
604
604
593
580
576
594
641
695
723
730
726
725
713
706
693
674
664
662
669
671
650
631
623
629
641
641
643
632
605
596
588
572
557
551
550
550
558
555
537
540
575
613
639
655
664
671
675
671
652
636
625
619
625
629
624
621
610
606
608
610
609
600
585
584
599
601
578
554
547
553
556
551
549
572
608
639
651
656
657
649
652
659
664
664
657
645
641
632
619
606
593
587
596
599
596
594
594
587
582
565
538
527
528
528
531
534
534
561
595
617
645
656
648
644
643
640
648
654
649
624
616
614
614
602
582
575
571
568
573
572
565
566
577
584
582
568
539
528
541
551
564
586
607
636
672
697
695
690
681
672
676
677
664
648
629
619
622
621
604
576
549
545
548
552
541
529
535
553
558
550
528
513
505
515
556
595
620
629
643
652
651
648
626
614
640
670
663
650
629
616
612
608
601
594
585
571
574
576
572
556
541
544
566
588
584
563
547
552
597
639
666
681
687
687
681
664
637
617
614
622
635
637
625
598
575
566
573
570
554
543
553
570
579
569
545
534
543
565
583
581
566
564
598
642
668
679
681
674
655
647
654
643
624
621
626
632
636
619
605
594
597
585
566
552
546
564
598
609
596
567
543
540
552
570
575
601
637
676
701
696
679
659
695
718
642
635
618
604
598
592
589
603
598
581
571
580
585
571
544
524
526
545
553
554
561
570
573
563
568
609
648
681
709
740
752
743
723
715
716
713
703
690
678
678
679
669
657
650
639
639
627
626
618
610
600
600
604
594
575
560
553
572
598
632
666
683
689
693
692
683
664
655
651
641
622
608
598
596
604
612
608
601
591
584
584
579
579
573
554
557
569
569
557
538
522
522
529
540
573
611
638
659
672
666
657
640
627
627
636
630
617
604
603
607
609
596
575
560
574
589
590
573
561
552
555
553
550
549
527
504
503
520
531
560
611
659
694
711
708
690
666
655
652
645
635
627
616
608
610
603
588
571
564
572
585
588
573
559
538
531
533
524
508
496
498
512
536
570
598
611
635
664
676
674
646
614
600
596
591
582
566
554
560
557
538
528
529
543
569
594
600
605
582
566
556
548
532
512
500
500
540
595
617
624
622
632
654
661
642
624
617
613
596
584
575
562
560
567
571
574
568
555
553
564
584
585
579
563
556
565
576
580
593
625
667
695
702
693
679
661
650
651
649
632
624
610
621
632
622
604
585
575
571
573
571
558
557
561
